CPU,Compiler,Test,N,Align,Restrict,Threads/Ranks,TileSize,Time_s,GFLOPS,Speedup_vs_seq,Efficiency
12th Gen Intel(R) Core(TM) i9-12900K,gcc,mpi-ikj,4096,1,1,4,-,10.129,13.5689,1.9436,0.4859
12th Gen Intel(R) Core(TM) i9-12900K,gcc,mpi-ikj,4096,1,1,8,-,8.788,15.6394,2.2402,0.28
12th Gen Intel(R) Core(TM) i9-12900K,gcc,mpi-ikj,4096,1,1,16,-,9.107,15.0916,2.1617,0.1351
12th Gen Intel(R) Core(TM) i9-12900K,gcc,mpi-ikj,4096,1,1,24,-,8.983,15.2999,2.1916,0.0913
12th Gen Intel(R) Core(TM) i9-12900K,gcc,mpi-ikj,4100,1,1,4,-,10.182,13.5378,1.8623,0.4656
12th Gen Intel(R) Core(TM) i9-12900K,gcc,mpi-ikj,4100,1,1,8,-,8.778,15.7031,2.1602,0.27
12th Gen Intel(R) Core(TM) i9-12900K,gcc,mpi-ikj,4100,1,1,16,-,9.419,14.6345,2.0132,0.1258
12th Gen Intel(R) Core(TM) i9-12900K,gcc,mpi-ikj,4100,1,1,24,-,10.703,12.8788,1.7717,0.0738
12th Gen Intel(R) Core(TM) i9-12900K,gcc,mpi-ikj,8192,1,1,4,-,84.681,12.9842,2.0103,0.5026
12th Gen Intel(R) Core(TM) i9-12900K,gcc,mpi-ikj,8192,1,1,8,-,69.229,15.8822,2.459,0.3074
12th Gen Intel(R) Core(TM) i9-12900K,gcc,mpi-ikj,8192,1,1,16,-,72.693,15.1254,2.3418,0.1464
12th Gen Intel(R) Core(TM) i9-12900K,gcc,mpi-ikj,8192,1,1,24,-,70.851,15.5186,2.4027,0.1001
12th Gen Intel(R) Core(TM) i9-12900K,gcc,mpi-ikj,8200,1,1,4,-,92.662,11.9006,1.6481,0.412
12th Gen Intel(R) Core(TM) i9-12900K,gcc,mpi-ikj,8200,1,1,8,-,70.787,15.5782,2.1574,0.2697
12th Gen Intel(R) Core(TM) i9-12900K,gcc,mpi-ikj,8200,1,1,16,-,74.042,14.8934,2.0626,0.1289
12th Gen Intel(R) Core(TM) i9-12900K,gcc,mpi-ikj,8200,1,1,24,-,71.297,15.4668,2.142,0.0892
12th Gen Intel(R) Core(TM) i9-12900K,gcc,mpi-ikj,12288,1,1,4,-,286.041,12.9731,1.9908,0.4977
12th Gen Intel(R) Core(TM) i9-12900K,gcc,mpi-ikj,12288,1,1,8,-,239.347,15.5041,2.3792,0.2974
12th Gen Intel(R) Core(TM) i9-12900K,gcc,mpi-ikj,12288,1,1,16,-,242.262,15.3175,2.3506,0.1469
12th Gen Intel(R) Core(TM) i9-12900K,gcc,mpi-ikj,12288,1,1,24,-,239.343,15.5043,2.3792,0.0991
12th Gen Intel(R) Core(TM) i9-12900K,gcc,mpi-ikj,12300,1,1,4,-,292.591,12.7199,1.9567,0.4892
12th Gen Intel(R) Core(TM) i9-12900K,gcc,mpi-ikj,12300,1,1,8,-,241.013,15.442,2.3755,0.2969
12th Gen Intel(R) Core(TM) i9-12900K,gcc,mpi-ikj,12300,1,1,16,-,244.482,15.2229,2.3418,0.1464
12th Gen Intel(R) Core(TM) i9-12900K,gcc,mpi-ikj,12300,1,1,24,-,240.111,15.5001,2.3844,0.0993
12th Gen Intel(R) Core(TM) i9-12900K,gcc,mpi-ikj,16400,1,1,4,-,745.236,11.8377,1.8222,0.4556
12th Gen Intel(R) Core(TM) i9-12900K,gcc,mpi-ikj,16400,1,1,8,-,571.933,15.4247,2.3744,0.2968
12th Gen Intel(R) Core(TM) i9-12900K,gcc,mpi-ikj,16400,1,1,16,-,581.253,15.1774,2.3363,0.146
12th Gen Intel(R) Core(TM) i9-12900K,gcc,mpi-ikj,16400,1,1,24,-,569.398,15.4934,2.3849,0.0994
12th Gen Intel(R) Core(TM) i9-12900K,gcc,mpi-ikj,16384,1,1,4,-,669.115,13.1459,2.036,0.509
12th Gen Intel(R) Core(TM) i9-12900K,gcc,mpi-ikj,16384,1,1,8,-,570.212,15.426,2.3891,0.2986
12th Gen Intel(R) Core(TM) i9-12900K,gcc,mpi-ikj,16384,1,1,16,-,572.812,15.356,2.3783,0.1486
12th Gen Intel(R) Core(TM) i9-12900K,gcc,mpi-ikj,16384,1,1,24,-,565.065,15.5665,2.4109,0.1005
12th Gen Intel(R) Core(TM) i9-12900K,icc,mpi-ikj,4096,1,1,4,-,11.136,12.3419,1.7679,0.442
12th Gen Intel(R) Core(TM) i9-12900K,icc,mpi-ikj,4096,1,1,8,-,8.959,15.3409,2.1975,0.2747
12th Gen Intel(R) Core(TM) i9-12900K,icc,mpi-ikj,4096,1,1,16,-,9.792,14.0358,2.0105,0.1257
12th Gen Intel(R) Core(TM) i9-12900K,icc,mpi-ikj,4096,1,1,24,-,9.021,15.2354,2.1824,0.0909
12th Gen Intel(R) Core(TM) i9-12900K,icc,mpi-ikj,4100,1,1,4,-,11.196,12.3117,1.6936,0.4234
12th Gen Intel(R) Core(TM) i9-12900K,icc,mpi-ikj,4100,1,1,8,-,8.872,15.5367,2.1373,0.2672
12th Gen Intel(R) Core(TM) i9-12900K,icc,mpi-ikj,4100,1,1,16,-,9.849,13.9955,1.9253,0.1203
12th Gen Intel(R) Core(TM) i9-12900K,icc,mpi-ikj,4100,1,1,24,-,10.979,12.5551,1.7271,0.072
12th Gen Intel(R) Core(TM) i9-12900K,icc,mpi-ikj,8192,1,1,4,-,86.571,12.7007,1.9664,0.4916
12th Gen Intel(R) Core(TM) i9-12900K,icc,mpi-ikj,8192,1,1,8,-,70.912,15.5053,2.4006,0.3001
12th Gen Intel(R) Core(TM) i9-12900K,icc,mpi-ikj,8192,1,1,16,-,72.972,15.0676,2.3329,0.1458
12th Gen Intel(R) Core(TM) i9-12900K,icc,mpi-ikj,8192,1,1,24,-,71.099,15.4645,2.3943,0.0998
12th Gen Intel(R) Core(TM) i9-12900K,icc,mpi-ikj,8200,1,1,4,-,88.501,12.4602,1.7256,0.4314
12th Gen Intel(R) Core(TM) i9-12900K,icc,mpi-ikj,8200,1,1,8,-,72.51,15.2081,2.1062,0.2633
12th Gen Intel(R) Core(TM) i9-12900K,icc,mpi-ikj,8200,1,1,16,-,72.901,15.1265,2.0949,0.1309
12th Gen Intel(R) Core(TM) i9-12900K,icc,mpi-ikj,8200,1,1,24,-,73.301,15.0439,2.0835,0.0868
12th Gen Intel(R) Core(TM) i9-12900K,icc,mpi-ikj,12288,1,1,4,-,315.574,11.7591,1.8045,0.4511
12th Gen Intel(R) Core(TM) i9-12900K,icc,mpi-ikj,12288,1,1,8,-,246.903,15.0296,2.3064,0.2883
12th Gen Intel(R) Core(TM) i9-12900K,icc,mpi-ikj,12288,1,1,16,-,243.818,15.2198,2.3356,0.146
12th Gen Intel(R) Core(TM) i9-12900K,icc,mpi-ikj,12288,1,1,24,-,241.402,15.3721,2.3589,0.0983
12th Gen Intel(R) Core(TM) i9-12900K,icc,mpi-ikj,12300,1,1,4,-,317.777,11.7118,1.8017,0.4504
12th Gen Intel(R) Core(TM) i9-12900K,icc,mpi-ikj,12300,1,1,8,-,248.092,15.0014,2.3077,0.2885
12th Gen Intel(R) Core(TM) i9-12900K,icc,mpi-ikj,12300,1,1,16,-,247.728,15.0235,2.3111,0.1444
12th Gen Intel(R) Core(TM) i9-12900K,icc,mpi-ikj,12300,1,1,24,-,240.928,15.4475,2.3763,0.099
12th Gen Intel(R) Core(TM) i9-12900K,icc,mpi-ikj,16400,1,1,4,-,698.553,12.6288,1.944,0.486
12th Gen Intel(R) Core(TM) i9-12900K,icc,mpi-ikj,16400,1,1,8,-,589.595,14.9626,2.3032,0.2879
12th Gen Intel(R) Core(TM) i9-12900K,icc,mpi-ikj,16400,1,1,16,-,583.867,15.1094,2.3258,0.1454
12th Gen Intel(R) Core(TM) i9-12900K,icc,mpi-ikj,16400,1,1,24,-,571.814,15.4279,2.3749,0.099
12th Gen Intel(R) Core(TM) i9-12900K,icc,mpi-ikj,16384,1,1,4,-,692.492,12.7021,1.9673,0.4918
12th Gen Intel(R) Core(TM) i9-12900K,icc,mpi-ikj,16384,1,1,8,-,584.163,15.0576,2.3321,0.2915
12th Gen Intel(R) Core(TM) i9-12900K,icc,mpi-ikj,16384,1,1,16,-,582.01,15.1133,2.3407,0.1463
12th Gen Intel(R) Core(TM) i9-12900K,icc,mpi-ikj,16384,1,1,24,-,568.651,15.4684,2.3957,0.0998
12th Gen Intel(R) Core(TM) i9-12900K,icx,mpi-ikj,4096,1,1,4,-,3.162,43.4658,6.2261,1.5565
12th Gen Intel(R) Core(TM) i9-12900K,icx,mpi-ikj,4096,1,1,8,-,1.584,86.767,12.4287,1.5536
12th Gen Intel(R) Core(TM) i9-12900K,icx,mpi-ikj,4096,1,1,16,-,2.071,66.3636,9.506,0.5941
12th Gen Intel(R) Core(TM) i9-12900K,icx,mpi-ikj,4096,1,1,24,-,0.922,149.0661,21.3525,0.8897
12th Gen Intel(R) Core(TM) i9-12900K,icx,mpi-ikj,4100,1,1,4,-,1.073,128.4641,17.6719,4.418
12th Gen Intel(R) Core(TM) i9-12900K,icx,mpi-ikj,4100,1,1,8,-,0.633,217.7599,29.9558,3.7445
12th Gen Intel(R) Core(TM) i9-12900K,icx,mpi-ikj,4100,1,1,16,-,1.105,124.7439,17.1602,1.0725
12th Gen Intel(R) Core(TM) i9-12900K,icx,mpi-ikj,4100,1,1,24,-,0.87,158.4391,21.7954,0.9081
12th Gen Intel(R) Core(TM) i9-12900K,icx,mpi-ikj,8192,1,1,4,-,27.13,40.5275,6.2747,1.5687
12th Gen Intel(R) Core(TM) i9-12900K,icx,mpi-ikj,8192,1,1,8,-,14.437,76.1593,11.7914,1.4739
12th Gen Intel(R) Core(TM) i9-12900K,icx,mpi-ikj,8192,1,1,16,-,20.301,54.1605,8.3854,0.5241
12th Gen Intel(R) Core(TM) i9-12900K,icx,mpi-ikj,8192,1,1,24,-,13.327,82.5026,12.7735,0.5322
12th Gen Intel(R) Core(TM) i9-12900K,icx,mpi-ikj,8200,1,1,4,-,7.687,143.4547,19.8672,4.9668
12th Gen Intel(R) Core(TM) i9-12900K,icx,mpi-ikj,8200,1,1,8,-,4.789,230.2644,31.8895,3.9862
12th Gen Intel(R) Core(TM) i9-12900K,icx,mpi-ikj,8200,1,1,16,-,6.902,159.7705,22.1268,1.3829
12th Gen Intel(R) Core(TM) i9-12900K,icx,mpi-ikj,8200,1,1,24,-,5.196,212.2279,29.3916,1.2247
12th Gen Intel(R) Core(TM) i9-12900K,icx,mpi-ikj,12288,1,1,4,-,87.181,42.5649,6.5319,1.633
12th Gen Intel(R) Core(TM) i9-12900K,icx,mpi-ikj,12288,1,1,8,-,46.744,79.3867,12.1824,1.5228
12th Gen Intel(R) Core(TM) i9-12900K,icx,mpi-ikj,12288,1,1,16,-,60.669,61.1655,9.3863,0.5866
12th Gen Intel(R) Core(TM) i9-12900K,icx,mpi-ikj,12288,1,1,24,-,46.633,79.5757,12.2114,0.5088
12th Gen Intel(R) Core(TM) i9-12900K,icx,mpi-ikj,12300,1,1,4,-,18.925,196.657,30.2524,7.5631
12th Gen Intel(R) Core(TM) i9-12900K,icx,mpi-ikj,12300,1,1,8,-,13.409,277.5549,42.6972,5.3372
12th Gen Intel(R) Core(TM) i9-12900K,icx,mpi-ikj,12300,1,1,16,-,22.807,163.1838,25.1031,1.5689
12th Gen Intel(R) Core(TM) i9-12900K,icx,mpi-ikj,12300,1,1,24,-,17.871,208.2555,32.0367,1.3349
12th Gen Intel(R) Core(TM) i9-12900K,icx,mpi-ikj,16400,1,1,4,-,62.135,141.9794,21.8553,5.4638
12th Gen Intel(R) Core(TM) i9-12900K,icx,mpi-ikj,16400,1,1,8,-,39.606,222.7412,34.2872,4.2859
12th Gen Intel(R) Core(TM) i9-12900K,icx,mpi-ikj,16400,1,1,16,-,55.317,159.4788,24.549,1.5343
12th Gen Intel(R) Core(TM) i9-12900K,icx,mpi-ikj,16400,1,1,24,-,43.905,200.9313,30.9299,1.2887
12th Gen Intel(R) Core(TM) i9-12900K,icx,mpi-ikj,16384,1,1,4,-,235.726,37.3149,5.7792,1.4448
12th Gen Intel(R) Core(TM) i9-12900K,icx,mpi-ikj,16384,1,1,8,-,124.45,70.6797,10.9467,1.3683
12th Gen Intel(R) Core(TM) i9-12900K,icx,mpi-ikj,16384,1,1,16,-,127.58,68.9457,10.6781,0.6674
12th Gen Intel(R) Core(TM) i9-12900K,icx,mpi-ikj,16384,1,1,24,-,57.79,152.2079,23.5735,0.9822
