CPU,Compiler,Test,N,Align,Restrict,Threads/Ranks,TileSize,Time_s,GFLOPS,Speedup,Efficiency_%
12th Gen Intel(R) Core(TM) i9-12900K,gcc,mpi-ikj,4096,1,1,4,-,10.13,13.57,0.22,5.46
12th Gen Intel(R) Core(TM) i9-12900K,gcc,mpi-ikj,4096,1,1,8,-,8.79,15.64,0.25,3.14
12th Gen Intel(R) Core(TM) i9-12900K,gcc,mpi-ikj,4096,1,1,16,-,9.11,15.09,0.24,1.52
12th Gen Intel(R) Core(TM) i9-12900K,gcc,mpi-ikj,4096,1,1,24,-,8.98,15.3,0.25,1.03
12th Gen Intel(R) Core(TM) i9-12900K,gcc,mpi-ikj,4100,1,1,4,-,10.18,13.54,0.22,5.43
12th Gen Intel(R) Core(TM) i9-12900K,gcc,mpi-ikj,4100,1,1,8,-,8.78,15.7,0.25,3.15
12th Gen Intel(R) Core(TM) i9-12900K,gcc,mpi-ikj,4100,1,1,16,-,9.42,14.63,0.23,1.47
12th Gen Intel(R) Core(TM) i9-12900K,gcc,mpi-ikj,4100,1,1,24,-,10.7,12.88,0.21,0.86
12th Gen Intel(R) Core(TM) i9-12900K,gcc,mpi-ikj,8192,1,1,4,-,84.68,12.98,0.21,5.2
12th Gen Intel(R) Core(TM) i9-12900K,gcc,mpi-ikj,8192,1,1,8,-,69.23,15.88,0.25,3.18
12th Gen Intel(R) Core(TM) i9-12900K,gcc,mpi-ikj,8192,1,1,16,-,72.69,15.13,0.24,1.51
12th Gen Intel(R) Core(TM) i9-12900K,gcc,mpi-ikj,8192,1,1,24,-,70.85,15.52,0.25,1.04
12th Gen Intel(R) Core(TM) i9-12900K,gcc,mpi-ikj,8200,1,1,4,-,92.66,11.9,0.19,4.76
12th Gen Intel(R) Core(TM) i9-12900K,gcc,mpi-ikj,8200,1,1,8,-,70.79,15.58,0.25,3.12
12th Gen Intel(R) Core(TM) i9-12900K,gcc,mpi-ikj,8200,1,1,16,-,74.04,14.89,0.24,1.49
12th Gen Intel(R) Core(TM) i9-12900K,gcc,mpi-ikj,8200,1,1,24,-,71.3,15.47,0.25,1.03
12th Gen Intel(R) Core(TM) i9-12900K,gcc,mpi-ikj,12288,1,1,4,-,286.04,12.97,0.21,5.18
12th Gen Intel(R) Core(TM) i9-12900K,gcc,mpi-ikj,12288,1,1,8,-,239.35,15.5,0.25,3.1
12th Gen Intel(R) Core(TM) i9-12900K,gcc,mpi-ikj,12288,1,1,16,-,242.26,15.32,0.24,1.53
12th Gen Intel(R) Core(TM) i9-12900K,gcc,mpi-ikj,12288,1,1,24,-,239.34,15.5,0.25,1.03
12th Gen Intel(R) Core(TM) i9-12900K,gcc,mpi-ikj,12300,1,1,4,-,292.59,12.72,0.2,5.09
12th Gen Intel(R) Core(TM) i9-12900K,gcc,mpi-ikj,12300,1,1,8,-,241.01,15.44,0.25,3.09
12th Gen Intel(R) Core(TM) i9-12900K,gcc,mpi-ikj,12300,1,1,16,-,244.48,15.22,0.24,1.52
12th Gen Intel(R) Core(TM) i9-12900K,gcc,mpi-ikj,12300,1,1,24,-,240.11,15.5,0.25,1.03
12th Gen Intel(R) Core(TM) i9-12900K,gcc,mpi-ikj,16400,1,1,4,-,745.24,11.84,0.19,4.74
12th Gen Intel(R) Core(TM) i9-12900K,gcc,mpi-ikj,16400,1,1,8,-,571.93,15.42,0.25,3.09
12th Gen Intel(R) Core(TM) i9-12900K,gcc,mpi-ikj,16400,1,1,16,-,581.25,15.18,0.24,1.52
12th Gen Intel(R) Core(TM) i9-12900K,gcc,mpi-ikj,16400,1,1,24,-,569.4,15.49,0.25,1.03
12th Gen Intel(R) Core(TM) i9-12900K,gcc,mpi-ikj,16384,1,1,4,-,669.12,13.15,0.21,5.26
12th Gen Intel(R) Core(TM) i9-12900K,gcc,mpi-ikj,16384,1,1,8,-,570.21,15.43,0.25,3.09
12th Gen Intel(R) Core(TM) i9-12900K,gcc,mpi-ikj,16384,1,1,16,-,572.81,15.36,0.25,1.54
12th Gen Intel(R) Core(TM) i9-12900K,gcc,mpi-ikj,16384,1,1,24,-,565.07,15.57,0.25,1.04
12th Gen Intel(R) Core(TM) i9-12900K,icc,mpi-ikj,4096,1,1,4,-,11.14,12.34,0.2,4.96
12th Gen Intel(R) Core(TM) i9-12900K,icc,mpi-ikj,4096,1,1,8,-,8.96,15.34,0.25,3.08
12th Gen Intel(R) Core(TM) i9-12900K,icc,mpi-ikj,4096,1,1,16,-,9.79,14.04,0.23,1.41
12th Gen Intel(R) Core(TM) i9-12900K,icc,mpi-ikj,4096,1,1,24,-,9.02,15.24,0.25,1.02
12th Gen Intel(R) Core(TM) i9-12900K,icc,mpi-ikj,4100,1,1,4,-,11.2,12.31,0.2,4.93
12th Gen Intel(R) Core(TM) i9-12900K,icc,mpi-ikj,4100,1,1,8,-,8.87,15.54,0.25,3.11
12th Gen Intel(R) Core(TM) i9-12900K,icc,mpi-ikj,4100,1,1,16,-,9.85,14.0,0.22,1.4
12th Gen Intel(R) Core(TM) i9-12900K,icc,mpi-ikj,4100,1,1,24,-,10.98,12.56,0.2,0.84
12th Gen Intel(R) Core(TM) i9-12900K,icc,mpi-ikj,8192,1,1,4,-,86.57,12.7,0.2,5.09
12th Gen Intel(R) Core(TM) i9-12900K,icc,mpi-ikj,8192,1,1,8,-,70.91,15.51,0.25,3.11
12th Gen Intel(R) Core(TM) i9-12900K,icc,mpi-ikj,8192,1,1,16,-,72.97,15.07,0.24,1.51
12th Gen Intel(R) Core(TM) i9-12900K,icc,mpi-ikj,8192,1,1,24,-,71.1,15.46,0.25,1.03
12th Gen Intel(R) Core(TM) i9-12900K,icc,mpi-ikj,8200,1,1,4,-,88.5,12.46,0.2,4.99
12th Gen Intel(R) Core(TM) i9-12900K,icc,mpi-ikj,8200,1,1,8,-,72.51,15.21,0.24,3.04
12th Gen Intel(R) Core(TM) i9-12900K,icc,mpi-ikj,8200,1,1,16,-,72.9,15.13,0.24,1.51
12th Gen Intel(R) Core(TM) i9-12900K,icc,mpi-ikj,8200,1,1,24,-,73.3,15.04,0.24,1.0
12th Gen Intel(R) Core(TM) i9-12900K,icc,mpi-ikj,12288,1,1,4,-,315.57,11.76,0.19,4.7
12th Gen Intel(R) Core(TM) i9-12900K,icc,mpi-ikj,12288,1,1,8,-,246.9,15.03,0.24,3.0
12th Gen Intel(R) Core(TM) i9-12900K,icc,mpi-ikj,12288,1,1,16,-,243.82,15.22,0.24,1.52
12th Gen Intel(R) Core(TM) i9-12900K,icc,mpi-ikj,12288,1,1,24,-,241.4,15.37,0.25,1.02
12th Gen Intel(R) Core(TM) i9-12900K,icc,mpi-ikj,12300,1,1,4,-,317.78,11.71,0.19,4.69
12th Gen Intel(R) Core(TM) i9-12900K,icc,mpi-ikj,12300,1,1,8,-,248.09,15.0,0.24,3.0
12th Gen Intel(R) Core(TM) i9-12900K,icc,mpi-ikj,12300,1,1,16,-,247.73,15.02,0.24,1.5
12th Gen Intel(R) Core(TM) i9-12900K,icc,mpi-ikj,12300,1,1,24,-,240.93,15.45,0.25,1.03
12th Gen Intel(R) Core(TM) i9-12900K,icc,mpi-ikj,16400,1,1,4,-,698.55,12.63,0.2,5.05
12th Gen Intel(R) Core(TM) i9-12900K,icc,mpi-ikj,16400,1,1,8,-,589.6,14.96,0.24,2.99
12th Gen Intel(R) Core(TM) i9-12900K,icc,mpi-ikj,16400,1,1,16,-,583.87,15.11,0.24,1.51
12th Gen Intel(R) Core(TM) i9-12900K,icc,mpi-ikj,16400,1,1,24,-,571.81,15.43,0.25,1.03
12th Gen Intel(R) Core(TM) i9-12900K,icc,mpi-ikj,16384,1,1,4,-,692.49,12.7,0.2,5.09
12th Gen Intel(R) Core(TM) i9-12900K,icc,mpi-ikj,16384,1,1,8,-,584.16,15.06,0.24,3.01
12th Gen Intel(R) Core(TM) i9-12900K,icc,mpi-ikj,16384,1,1,16,-,582.01,15.11,0.24,1.51
12th Gen Intel(R) Core(TM) i9-12900K,icc,mpi-ikj,16384,1,1,24,-,568.65,15.47,0.25,1.03
12th Gen Intel(R) Core(TM) i9-12900K,icc,mpi-cannon,4096,1,1,4,-,8.69,15.82,0.25,6.36
12th Gen Intel(R) Core(TM) i9-12900K,icc,mpi-cannon,4096,1,1,16,-,8.64,15.91,0.26,1.6
12th Gen Intel(R) Core(TM) i9-12900K,icc,mpi-cannon,4100,1,1,4,-,8.72,15.8,0.25,6.33
12th Gen Intel(R) Core(TM) i9-12900K,icc,mpi-cannon,4100,1,1,16,-,8.82,15.63,0.25,1.57
12th Gen Intel(R) Core(TM) i9-12900K,icc,mpi-cannon,8192,1,1,4,-,85.33,12.89,0.21,5.16
12th Gen Intel(R) Core(TM) i9-12900K,icc,mpi-cannon,8192,1,1,16,-,70.81,15.53,0.25,1.55
12th Gen Intel(R) Core(TM) i9-12900K,icc,mpi-cannon,8200,1,1,4,-,80.62,13.68,0.22,5.47
12th Gen Intel(R) Core(TM) i9-12900K,icc,mpi-cannon,8200,1,1,16,-,71.24,15.48,0.25,1.55
12th Gen Intel(R) Core(TM) i9-12900K,icc,mpi-cannon,12288,1,1,4,-,279.38,13.28,0.21,5.31
12th Gen Intel(R) Core(TM) i9-12900K,icc,mpi-cannon,12288,1,1,16,-,239.51,15.49,0.25,1.55
12th Gen Intel(R) Core(TM) i9-12900K,icc,mpi-cannon,12300,1,1,4,-,277.32,13.42,0.21,5.37
12th Gen Intel(R) Core(TM) i9-12900K,icc,mpi-cannon,12300,1,1,16,-,242.93,15.32,0.25,1.53
12th Gen Intel(R) Core(TM) i9-12900K,icc,mpi-cannon,16400,1,1,4,-,679.17,12.99,0.21,5.2
12th Gen Intel(R) Core(TM) i9-12900K,icc,mpi-cannon,16400,1,1,16,-,560.88,15.73,0.25,1.57
12th Gen Intel(R) Core(TM) i9-12900K,icc,mpi-cannon,16384,1,1,4,-,681.08,12.91,0.21,5.17
12th Gen Intel(R) Core(TM) i9-12900K,icc,mpi-cannon,16384,1,1,16,-,562.44,15.64,0.25,1.57
12th Gen Intel(R) Core(TM) i9-12900K,icc,mpi-summa,4096,1,1,4,-,8.98,15.31,0.25,6.16
12th Gen Intel(R) Core(TM) i9-12900K,icc,mpi-summa,4096,1,1,16,-,8.68,15.84,0.25,1.59
12th Gen Intel(R) Core(TM) i9-12900K,icc,mpi-summa,4100,1,1,4,-,8.92,15.46,0.25,6.2
12th Gen Intel(R) Core(TM) i9-12900K,icc,mpi-summa,4100,1,1,16,-,8.79,15.68,0.25,1.57
12th Gen Intel(R) Core(TM) i9-12900K,icc,mpi-summa,8192,1,1,4,-,80.54,13.65,0.22,5.47
12th Gen Intel(R) Core(TM) i9-12900K,icc,mpi-summa,8192,1,1,16,-,73.58,14.94,0.24,1.5
12th Gen Intel(R) Core(TM) i9-12900K,icc,mpi-summa,8200,1,1,4,-,87.94,12.54,0.2,5.02
12th Gen Intel(R) Core(TM) i9-12900K,icc,mpi-summa,8200,1,1,16,-,72.29,15.25,0.24,1.53
12th Gen Intel(R) Core(TM) i9-12900K,icc,mpi-summa,12288,1,1,4,-,301.96,12.29,0.2,4.91
12th Gen Intel(R) Core(TM) i9-12900K,icc,mpi-summa,12288,1,1,16,-,250.29,14.83,0.24,1.48
12th Gen Intel(R) Core(TM) i9-12900K,icc,mpi-summa,12300,1,1,4,-,276.83,13.44,0.22,5.38
12th Gen Intel(R) Core(TM) i9-12900K,icc,mpi-summa,12300,1,1,16,-,245.92,15.13,0.24,1.51
12th Gen Intel(R) Core(TM) i9-12900K,icc,mpi-summa,16400,1,1,4,-,666.98,13.23,0.21,5.29
12th Gen Intel(R) Core(TM) i9-12900K,icc,mpi-summa,16400,1,1,16,-,578.02,15.26,0.24,1.53
12th Gen Intel(R) Core(TM) i9-12900K,icc,mpi-summa,16384,1,1,4,-,688.98,12.77,0.2,5.11
12th Gen Intel(R) Core(TM) i9-12900K,icc,mpi-summa,16384,1,1,16,-,571.05,15.4,0.25,1.54
12th Gen Intel(R) Core(TM) i9-12900K,icc,scalapack,4096,1,1,4,64,0.74,185.48,2.98,74.6
12th Gen Intel(R) Core(TM) i9-12900K,icc,scalapack,4096,1,1,8,64,0.51,271.62,4.37,54.62
12th Gen Intel(R) Core(TM) i9-12900K,icc,scalapack,4096,1,1,16,64,0.46,299.43,4.82,30.11
12th Gen Intel(R) Core(TM) i9-12900K,icc,scalapack,4096,1,1,24,64,0.52,264.31,4.25,17.72
12th Gen Intel(R) Core(TM) i9-12900K,icc,scalapack,4100,1,1,4,64,0.72,192.25,3.08,77.06
12th Gen Intel(R) Core(TM) i9-12900K,icc,scalapack,4100,1,1,8,64,0.48,287.17,4.6,57.55
12th Gen Intel(R) Core(TM) i9-12900K,icc,scalapack,4100,1,1,16,64,0.45,305.64,4.9,30.63
12th Gen Intel(R) Core(TM) i9-12900K,icc,scalapack,4100,1,1,24,64,0.44,313.28,5.02,20.93
12th Gen Intel(R) Core(TM) i9-12900K,icc,scalapack,8192,1,1,4,64,5.65,194.5,3.12,77.91
12th Gen Intel(R) Core(TM) i9-12900K,icc,scalapack,8192,1,1,8,64,3.62,303.65,4.87,60.82
12th Gen Intel(R) Core(TM) i9-12900K,icc,scalapack,8192,1,1,16,64,3.36,327.72,5.25,32.82
12th Gen Intel(R) Core(TM) i9-12900K,icc,scalapack,8192,1,1,24,64,3.33,329.89,5.29,22.02
12th Gen Intel(R) Core(TM) i9-12900K,icc,scalapack,8200,1,1,4,64,5.54,199.09,3.19,79.66
12th Gen Intel(R) Core(TM) i9-12900K,icc,scalapack,8200,1,1,8,64,3.52,313.37,5.02,62.7
12th Gen Intel(R) Core(TM) i9-12900K,icc,scalapack,8200,1,1,16,64,3.49,315.79,5.05,31.59
12th Gen Intel(R) Core(TM) i9-12900K,icc,scalapack,8200,1,1,24,64,3.32,331.65,5.31,22.12
12th Gen Intel(R) Core(TM) i9-12900K,icc,scalapack,12288,1,1,4,64,19.33,192.0,3.07,76.72
12th Gen Intel(R) Core(TM) i9-12900K,icc,scalapack,12288,1,1,8,64,13.21,280.89,4.49,56.12
12th Gen Intel(R) Core(TM) i9-12900K,icc,scalapack,12288,1,1,16,64,10.81,343.41,5.49,34.3
12th Gen Intel(R) Core(TM) i9-12900K,icc,scalapack,12288,1,1,24,64,10.68,347.46,5.55,23.14
12th Gen Intel(R) Core(TM) i9-12900K,icc,scalapack,12300,1,1,4,64,18.66,199.43,3.19,79.83
12th Gen Intel(R) Core(TM) i9-12900K,icc,scalapack,12300,1,1,8,64,12.72,292.5,4.68,58.54
12th Gen Intel(R) Core(TM) i9-12900K,icc,scalapack,12300,1,1,16,64,11.07,336.32,5.38,33.66
12th Gen Intel(R) Core(TM) i9-12900K,icc,scalapack,12300,1,1,24,64,10.27,362.46,5.8,24.18
12th Gen Intel(R) Core(TM) i9-12900K,icc,scalapack,16400,1,1,4,64,44.5,198.26,3.17,79.33
12th Gen Intel(R) Core(TM) i9-12900K,icc,scalapack,16400,1,1,8,64,28.23,312.52,5.0,62.53
12th Gen Intel(R) Core(TM) i9-12900K,icc,scalapack,16400,1,1,16,64,26.94,327.5,5.24,32.76
12th Gen Intel(R) Core(TM) i9-12900K,icc,scalapack,16400,1,1,24,64,24.63,358.23,5.73,23.89
12th Gen Intel(R) Core(TM) i9-12900K,icc,scalapack,16384,1,1,4,64,46.58,188.82,3.02,75.6
12th Gen Intel(R) Core(TM) i9-12900K,icc,scalapack,16384,1,1,8,64,29.59,297.25,4.76,59.5
12th Gen Intel(R) Core(TM) i9-12900K,icc,scalapack,16384,1,1,16,64,26.25,335.13,5.37,33.54
12th Gen Intel(R) Core(TM) i9-12900K,icc,scalapack,16384,1,1,24,64,25.32,347.33,5.56,23.18
12th Gen Intel(R) Core(TM) i9-12900K,icx,mpi-ikj,4096,1,1,4,-,3.16,43.47,0.7,17.48
12th Gen Intel(R) Core(TM) i9-12900K,icx,mpi-ikj,4096,1,1,8,-,1.58,86.77,1.4,17.45
12th Gen Intel(R) Core(TM) i9-12900K,icx,mpi-ikj,4096,1,1,16,-,2.07,66.36,1.07,6.67
12th Gen Intel(R) Core(TM) i9-12900K,icx,mpi-ikj,4096,1,1,24,-,0.92,149.07,2.4,9.99
12th Gen Intel(R) Core(TM) i9-12900K,icx,mpi-ikj,4100,1,1,4,-,1.07,128.46,2.06,51.49
12th Gen Intel(R) Core(TM) i9-12900K,icx,mpi-ikj,4100,1,1,8,-,0.63,217.76,3.49,43.64
12th Gen Intel(R) Core(TM) i9-12900K,icx,mpi-ikj,4100,1,1,16,-,1.1,124.74,2.0,12.5
12th Gen Intel(R) Core(TM) i9-12900K,icx,mpi-ikj,4100,1,1,24,-,0.87,158.44,2.54,10.58
12th Gen Intel(R) Core(TM) i9-12900K,icx,mpi-ikj,8192,1,1,4,-,27.13,40.53,0.65,16.23
12th Gen Intel(R) Core(TM) i9-12900K,icx,mpi-ikj,8192,1,1,8,-,14.44,76.16,1.22,15.25
12th Gen Intel(R) Core(TM) i9-12900K,icx,mpi-ikj,8192,1,1,16,-,20.3,54.16,0.87,5.42
12th Gen Intel(R) Core(TM) i9-12900K,icx,mpi-ikj,8192,1,1,24,-,13.33,82.5,1.32,5.51
12th Gen Intel(R) Core(TM) i9-12900K,icx,mpi-ikj,8200,1,1,4,-,7.69,143.45,2.3,57.4
12th Gen Intel(R) Core(TM) i9-12900K,icx,mpi-ikj,8200,1,1,8,-,4.79,230.26,3.69,46.07
12th Gen Intel(R) Core(TM) i9-12900K,icx,mpi-ikj,8200,1,1,16,-,6.9,159.77,2.56,15.98
12th Gen Intel(R) Core(TM) i9-12900K,icx,mpi-ikj,8200,1,1,24,-,5.2,212.23,3.4,14.15
12th Gen Intel(R) Core(TM) i9-12900K,icx,mpi-ikj,12288,1,1,4,-,87.18,42.56,0.68,17.01
12th Gen Intel(R) Core(TM) i9-12900K,icx,mpi-ikj,12288,1,1,8,-,46.74,79.39,1.27,15.86
12th Gen Intel(R) Core(TM) i9-12900K,icx,mpi-ikj,12288,1,1,16,-,60.67,61.17,0.98,6.11
12th Gen Intel(R) Core(TM) i9-12900K,icx,mpi-ikj,12288,1,1,24,-,46.63,79.58,1.27,5.3
12th Gen Intel(R) Core(TM) i9-12900K,icx,mpi-ikj,12300,1,1,4,-,18.92,196.66,3.15,78.72
12th Gen Intel(R) Core(TM) i9-12900K,icx,mpi-ikj,12300,1,1,8,-,13.41,277.55,4.44,55.55
12th Gen Intel(R) Core(TM) i9-12900K,icx,mpi-ikj,12300,1,1,16,-,22.81,163.18,2.61,16.33
12th Gen Intel(R) Core(TM) i9-12900K,icx,mpi-ikj,12300,1,1,24,-,17.87,208.26,3.33,13.89
12th Gen Intel(R) Core(TM) i9-12900K,icx,mpi-ikj,16400,1,1,4,-,62.14,141.98,2.27,56.81
12th Gen Intel(R) Core(TM) i9-12900K,icx,mpi-ikj,16400,1,1,8,-,39.61,222.74,3.57,44.56
12th Gen Intel(R) Core(TM) i9-12900K,icx,mpi-ikj,16400,1,1,16,-,55.32,159.48,2.55,15.95
12th Gen Intel(R) Core(TM) i9-12900K,icx,mpi-ikj,16400,1,1,24,-,43.9,200.93,3.22,13.4
12th Gen Intel(R) Core(TM) i9-12900K,icx,mpi-ikj,16384,1,1,4,-,235.73,37.31,0.6,14.94
12th Gen Intel(R) Core(TM) i9-12900K,icx,mpi-ikj,16384,1,1,8,-,124.45,70.68,1.13,14.15
12th Gen Intel(R) Core(TM) i9-12900K,icx,mpi-ikj,16384,1,1,16,-,127.58,68.95,1.1,6.9
12th Gen Intel(R) Core(TM) i9-12900K,icx,mpi-ikj,16384,1,1,24,-,57.79,152.21,2.44,10.16
12th Gen Intel(R) Core(TM) i9-12900K,icx,mpi-cannon,4096,1,1,4,-,8.45,16.27,0.26,6.54
12th Gen Intel(R) Core(TM) i9-12900K,icx,mpi-cannon,4096,1,1,16,-,8.7,15.8,0.25,1.59
12th Gen Intel(R) Core(TM) i9-12900K,icx,mpi-cannon,4100,1,1,4,-,9.39,14.68,0.24,5.88
12th Gen Intel(R) Core(TM) i9-12900K,icx,mpi-cannon,4100,1,1,16,-,8.47,16.27,0.26,1.63
12th Gen Intel(R) Core(TM) i9-12900K,icx,mpi-cannon,8192,1,1,4,-,92.42,11.9,0.19,4.77
12th Gen Intel(R) Core(TM) i9-12900K,icx,mpi-cannon,8192,1,1,16,-,74.89,14.68,0.24,1.47
12th Gen Intel(R) Core(TM) i9-12900K,icx,mpi-cannon,8200,1,1,4,-,90.83,12.14,0.19,4.86
12th Gen Intel(R) Core(TM) i9-12900K,icx,mpi-cannon,8200,1,1,16,-,74.52,14.8,0.24,1.48
12th Gen Intel(R) Core(TM) i9-12900K,icx,mpi-cannon,12288,1,1,4,-,290.13,12.79,0.2,5.11
12th Gen Intel(R) Core(TM) i9-12900K,icx,mpi-cannon,12288,1,1,16,-,246.23,15.07,0.24,1.51
12th Gen Intel(R) Core(TM) i9-12900K,icx,mpi-cannon,12300,1,1,4,-,299.52,12.43,0.2,4.97
12th Gen Intel(R) Core(TM) i9-12900K,icx,mpi-cannon,12300,1,1,16,-,246.71,15.09,0.24,1.51
12th Gen Intel(R) Core(TM) i9-12900K,icx,mpi-cannon,16400,1,1,4,-,706.18,12.49,0.2,5.0
12th Gen Intel(R) Core(TM) i9-12900K,icx,mpi-cannon,16400,1,1,16,-,613.74,14.37,0.23,1.44
12th Gen Intel(R) Core(TM) i9-12900K,icx,mpi-cannon,16384,1,1,4,-,698.78,12.59,0.2,5.04
12th Gen Intel(R) Core(TM) i9-12900K,icx,mpi-cannon,16384,1,1,16,-,607.88,14.47,0.23,1.45
12th Gen Intel(R) Core(TM) i9-12900K,icx,mpi-summa,4096,1,1,4,-,9.28,14.81,0.24,5.96
12th Gen Intel(R) Core(TM) i9-12900K,icx,mpi-summa,4096,1,1,16,-,8.91,15.42,0.25,1.55
12th Gen Intel(R) Core(TM) i9-12900K,icx,mpi-summa,4100,1,1,4,-,9.43,14.62,0.23,5.86
12th Gen Intel(R) Core(TM) i9-12900K,icx,mpi-summa,4100,1,1,16,-,9.04,15.25,0.24,1.53
12th Gen Intel(R) Core(TM) i9-12900K,icx,mpi-summa,8192,1,1,4,-,89.46,12.29,0.2,4.92
12th Gen Intel(R) Core(TM) i9-12900K,icx,mpi-summa,8192,1,1,16,-,75.66,14.53,0.23,1.46
12th Gen Intel(R) Core(TM) i9-12900K,icx,mpi-summa,8200,1,1,4,-,84.64,13.03,0.21,5.21
12th Gen Intel(R) Core(TM) i9-12900K,icx,mpi-summa,8200,1,1,16,-,75.55,14.6,0.23,1.46
12th Gen Intel(R) Core(TM) i9-12900K,icx,mpi-summa,12288,1,1,4,-,316.88,11.71,0.19,4.68
12th Gen Intel(R) Core(TM) i9-12900K,icx,mpi-summa,12288,1,1,16,-,243.74,15.22,0.24,1.52
12th Gen Intel(R) Core(TM) i9-12900K,icx,mpi-summa,12300,1,1,4,-,297.92,12.49,0.2,5.0
12th Gen Intel(R) Core(TM) i9-12900K,icx,mpi-summa,12300,1,1,16,-,245.3,15.17,0.24,1.52
12th Gen Intel(R) Core(TM) i9-12900K,icx,mpi-summa,16400,1,1,4,-,775.37,11.38,0.18,4.55
12th Gen Intel(R) Core(TM) i9-12900K,icx,mpi-summa,16400,1,1,16,-,616.03,14.32,0.23,1.43
12th Gen Intel(R) Core(TM) i9-12900K,icx,mpi-summa,16384,1,1,4,-,727.98,12.08,0.19,4.84
12th Gen Intel(R) Core(TM) i9-12900K,icx,mpi-summa,16384,1,1,16,-,612.97,14.35,0.23,1.44
12th Gen Intel(R) Core(TM) i9-12900K,icx,scalapack,4096,1,1,4,64,0.8,171.16,2.75,68.84
12th Gen Intel(R) Core(TM) i9-12900K,icx,scalapack,4096,1,1,8,64,0.48,287.53,4.63,57.82
12th Gen Intel(R) Core(TM) i9-12900K,icx,scalapack,4096,1,1,16,64,0.45,306.1,4.92,30.78
12th Gen Intel(R) Core(TM) i9-12900K,icx,scalapack,4096,1,1,24,64,0.46,302.06,4.86,20.25
12th Gen Intel(R) Core(TM) i9-12900K,icx,scalapack,4100,1,1,4,64,0.7,195.52,3.13,78.37
12th Gen Intel(R) Core(TM) i9-12900K,icx,scalapack,4100,1,1,8,64,0.47,290.81,4.66,58.28
12th Gen Intel(R) Core(TM) i9-12900K,icx,scalapack,4100,1,1,16,64,0.45,305.64,4.9,30.63
12th Gen Intel(R) Core(TM) i9-12900K,icx,scalapack,4100,1,1,24,64,0.44,313.28,5.02,20.93
12th Gen Intel(R) Core(TM) i9-12900K,icx,scalapack,8192,1,1,4,64,5.68,193.51,3.1,77.51
12th Gen Intel(R) Core(TM) i9-12900K,icx,scalapack,8192,1,1,8,64,3.63,303.23,4.86,60.73
12th Gen Intel(R) Core(TM) i9-12900K,icx,scalapack,8192,1,1,16,64,3.35,328.21,5.26,32.87
12th Gen Intel(R) Core(TM) i9-12900K,icx,scalapack,8192,1,1,24,64,3.44,319.9,5.13,21.36
12th Gen Intel(R) Core(TM) i9-12900K,icx,scalapack,8200,1,1,4,64,5.46,201.82,3.23,80.76
12th Gen Intel(R) Core(TM) i9-12900K,icx,scalapack,8200,1,1,8,64,3.67,300.23,4.81,60.07
12th Gen Intel(R) Core(TM) i9-12900K,icx,scalapack,8200,1,1,16,64,3.49,315.7,5.05,31.58
12th Gen Intel(R) Core(TM) i9-12900K,icx,scalapack,8200,1,1,24,64,3.35,329.27,5.27,21.96
12th Gen Intel(R) Core(TM) i9-12900K,icx,scalapack,12288,1,1,4,64,19.23,192.99,3.08,77.11
12th Gen Intel(R) Core(TM) i9-12900K,icx,scalapack,12288,1,1,8,64,13.03,284.79,4.55,56.9
12th Gen Intel(R) Core(TM) i9-12900K,icx,scalapack,12288,1,1,16,64,10.77,344.43,5.5,34.41
12th Gen Intel(R) Core(TM) i9-12900K,icx,scalapack,12288,1,1,24,64,10.66,347.95,5.56,23.17
12th Gen Intel(R) Core(TM) i9-12900K,icx,scalapack,12300,1,1,4,64,18.78,198.21,3.17,79.34
12th Gen Intel(R) Core(TM) i9-12900K,icx,scalapack,12300,1,1,8,64,12.06,308.58,4.94,61.76
12th Gen Intel(R) Core(TM) i9-12900K,icx,scalapack,12300,1,1,16,64,11.14,334.09,5.35,33.43
12th Gen Intel(R) Core(TM) i9-12900K,icx,scalapack,12300,1,1,24,64,10.86,342.86,5.49,22.87
12th Gen Intel(R) Core(TM) i9-12900K,icx,scalapack,16400,1,1,4,64,45.42,194.25,3.11,77.73
12th Gen Intel(R) Core(TM) i9-12900K,icx,scalapack,16400,1,1,8,64,28.66,307.83,4.93,61.59
12th Gen Intel(R) Core(TM) i9-12900K,icx,scalapack,16400,1,1,16,64,27.17,324.68,5.2,32.48
12th Gen Intel(R) Core(TM) i9-12900K,icx,scalapack,16400,1,1,24,64,24.88,354.59,5.68,23.65
12th Gen Intel(R) Core(TM) i9-12900K,icx,scalapack,16384,1,1,4,64,45.62,192.82,3.09,77.2
12th Gen Intel(R) Core(TM) i9-12900K,icx,scalapack,16384,1,1,8,64,29.85,294.64,4.72,58.98
12th Gen Intel(R) Core(TM) i9-12900K,icx,scalapack,16384,1,1,16,64,26.17,336.16,5.38,33.65
12th Gen Intel(R) Core(TM) i9-12900K,icx,scalapack,16384,1,1,24,64,25.24,348.43,5.58,23.25
12th Gen Intel(R) Core(TM) i9-12900K,gcc,mpi-cannon,4100,1,1,1,-,20.24,6.81,0.11,10.92
12th Gen Intel(R) Core(TM) i9-12900K,icc,mpi-cannon,4100,1,1,1,-,25.28,5.45,0.09,8.74
12th Gen Intel(R) Core(TM) i9-12900K,icx,mpi-cannon,4100,1,1,1,-,19.36,7.12,0.11,11.41
12th Gen Intel(R) Core(TM) i9-12900K,gcc,mpi-ikj,4100,1,1,1,-,20.71,6.65,0.11,10.67
12th Gen Intel(R) Core(TM) i9-12900K,gcc,mpi-ikj,4100,1,1,2,-,12.05,11.44,0.18,9.17
12th Gen Intel(R) Core(TM) i9-12900K,icc,mpi-ikj,4100,1,1,1,-,20.61,6.69,0.11,10.72
12th Gen Intel(R) Core(TM) i9-12900K,icc,mpi-ikj,4100,1,1,2,-,11.99,11.5,0.18,9.22
12th Gen Intel(R) Core(TM) i9-12900K,icx,mpi-ikj,4100,1,1,1,-,4.15,33.18,0.53,53.2
12th Gen Intel(R) Core(TM) i9-12900K,icx,mpi-ikj,4100,1,1,2,-,2.1,65.7,1.05,52.67
12th Gen Intel(R) Core(TM) i9-12900K,gcc,mpi-summa,4100,1,1,1,-,20.3,6.79,0.11,10.89
12th Gen Intel(R) Core(TM) i9-12900K,icc,mpi-summa,4100,1,1,1,-,25.31,5.45,0.09,8.73
12th Gen Intel(R) Core(TM) i9-12900K,icx,mpi-summa,4100,1,1,1,-,17.48,7.89,0.13,12.65
12th Gen Intel(R) Core(TM) i9-12900K,icc,scalapack,4100,1,1,1,64,2.21,62.32,1.0,99.91
12th Gen Intel(R) Core(TM) i9-12900K,icc,scalapack,4100,1,1,2,64,1.24,111.25,1.78,89.18
12th Gen Intel(R) Core(TM) i9-12900K,icx,scalapack,4100,1,1,1,64,2.22,62.23,1.0,99.77
12th Gen Intel(R) Core(TM) i9-12900K,icx,scalapack,4100,1,1,2,64,1.25,110.27,1.77,88.4
12th Gen Intel(R) Core(TM) i9-12900K,gcc,mpi-cannon,8200,1,1,1,-,167.0,6.6,0.11,10.57
12th Gen Intel(R) Core(TM) i9-12900K,icc,mpi-cannon,8200,1,1,1,-,212.67,5.19,0.08,8.3
12th Gen Intel(R) Core(TM) i9-12900K,icx,mpi-cannon,8200,1,1,1,-,157.1,7.02,0.11,11.23
12th Gen Intel(R) Core(TM) i9-12900K,gcc,mpi-ikj,8200,1,1,1,-,168.31,6.55,0.1,10.49
12th Gen Intel(R) Core(TM) i9-12900K,gcc,mpi-ikj,8200,1,1,2,-,101.7,10.84,0.17,8.68
12th Gen Intel(R) Core(TM) i9-12900K,icc,mpi-ikj,8200,1,1,1,-,168.08,6.56,0.11,10.5
12th Gen Intel(R) Core(TM) i9-12900K,icc,mpi-ikj,8200,1,1,2,-,99.99,11.03,0.18,8.83
12th Gen Intel(R) Core(TM) i9-12900K,icx,mpi-ikj,8200,1,1,1,-,25.42,43.37,0.69,69.42
12th Gen Intel(R) Core(TM) i9-12900K,icx,mpi-ikj,8200,1,1,2,-,12.89,85.52,1.37,68.44
12th Gen Intel(R) Core(TM) i9-12900K,gcc,mpi-summa,8200,1,1,1,-,167.34,6.59,0.11,10.55
12th Gen Intel(R) Core(TM) i9-12900K,icc,mpi-summa,8200,1,1,1,-,214.06,5.15,0.08,8.25
12th Gen Intel(R) Core(TM) i9-12900K,icx,mpi-summa,8200,1,1,1,-,149.43,7.38,0.12,11.81
12th Gen Intel(R) Core(TM) i9-12900K,icc,scalapack,8200,1,1,1,64,17.66,62.45,1.0,99.96
12th Gen Intel(R) Core(TM) i9-12900K,icc,scalapack,8200,1,1,2,64,9.81,112.44,1.8,89.99
12th Gen Intel(R) Core(TM) i9-12900K,icx,scalapack,8200,1,1,1,64,17.67,62.41,1.0,99.89
12th Gen Intel(R) Core(TM) i9-12900K,icx,scalapack,8200,1,1,2,64,9.9,111.4,1.78,89.15
12th Gen Intel(R) Core(TM) i9-12900K,gcc,mpi-cannon,12300,1,1,1,-,563.62,6.6,0.11,10.57
12th Gen Intel(R) Core(TM) i9-12900K,icc,mpi-cannon,12300,1,1,1,-,717.75,5.19,0.08,8.3
12th Gen Intel(R) Core(TM) i9-12900K,icx,mpi-cannon,12300,1,1,1,-,530.22,7.02,0.11,11.24
12th Gen Intel(R) Core(TM) i9-12900K,gcc,mpi-ikj,12300,1,1,1,-,568.06,6.55,0.1,10.49
12th Gen Intel(R) Core(TM) i9-12900K,gcc,mpi-ikj,12300,1,1,2,-,343.24,10.84,0.17,8.68
12th Gen Intel(R) Core(TM) i9-12900K,icc,mpi-ikj,12300,1,1,1,-,567.29,6.56,0.11,10.5
12th Gen Intel(R) Core(TM) i9-12900K,icc,mpi-ikj,12300,1,1,2,-,337.48,11.03,0.18,8.83
12th Gen Intel(R) Core(TM) i9-12900K,icx,mpi-ikj,12300,1,1,1,-,85.81,43.37,0.69,69.44
12th Gen Intel(R) Core(TM) i9-12900K,icx,mpi-ikj,12300,1,1,2,-,43.52,85.52,1.37,68.47
12th Gen Intel(R) Core(TM) i9-12900K,gcc,mpi-summa,12300,1,1,1,-,564.78,6.59,0.11,10.55
12th Gen Intel(R) Core(TM) i9-12900K,icc,mpi-summa,12300,1,1,1,-,722.45,5.15,0.08,8.25
12th Gen Intel(R) Core(TM) i9-12900K,icx,mpi-summa,12300,1,1,1,-,504.31,7.38,0.12,11.82
12th Gen Intel(R) Core(TM) i9-12900K,icc,scalapack,12300,1,1,1,64,59.59,62.45,1.0,100.0
12th Gen Intel(R) Core(TM) i9-12900K,icc,scalapack,12300,1,1,2,64,33.1,112.44,1.8,90.02
12th Gen Intel(R) Core(TM) i9-12900K,icx,scalapack,12300,1,1,1,64,59.64,62.41,1.0,99.92
12th Gen Intel(R) Core(TM) i9-12900K,icx,scalapack,12300,1,1,2,64,33.41,111.4,1.78,89.18
12th Gen Intel(R) Core(TM) i9-12900K,gcc,mpi-cannon,16400,1,1,1,-,1335.98,6.6,0.11,10.57
12th Gen Intel(R) Core(TM) i9-12900K,icc,mpi-cannon,16400,1,1,1,-,1701.33,5.19,0.08,8.3
12th Gen Intel(R) Core(TM) i9-12900K,icx,mpi-cannon,16400,1,1,1,-,1256.82,7.02,0.11,11.23
12th Gen Intel(R) Core(TM) i9-12900K,gcc,mpi-ikj,16400,1,1,1,-,1346.51,6.55,0.1,10.49
12th Gen Intel(R) Core(TM) i9-12900K,gcc,mpi-ikj,16400,1,1,2,-,813.62,10.84,0.17,8.68
12th Gen Intel(R) Core(TM) i9-12900K,icc,mpi-ikj,16400,1,1,1,-,1344.68,6.56,0.11,10.5
12th Gen Intel(R) Core(TM) i9-12900K,icc,mpi-ikj,16400,1,1,2,-,799.95,11.03,0.18,8.83
12th Gen Intel(R) Core(TM) i9-12900K,icx,mpi-ikj,16400,1,1,1,-,203.4,43.37,0.69,69.42
12th Gen Intel(R) Core(TM) i9-12900K,icx,mpi-ikj,16400,1,1,2,-,103.15,85.52,1.37,68.44
12th Gen Intel(R) Core(TM) i9-12900K,gcc,mpi-summa,16400,1,1,1,-,1338.74,6.59,0.11,10.55
12th Gen Intel(R) Core(TM) i9-12900K,icc,mpi-summa,16400,1,1,1,-,1712.47,5.15,0.08,8.25
12th Gen Intel(R) Core(TM) i9-12900K,icx,mpi-summa,16400,1,1,1,-,1195.4,7.38,0.12,11.81
12th Gen Intel(R) Core(TM) i9-12900K,icc,scalapack,16400,1,1,1,64,141.26,62.45,1.0,99.96
12th Gen Intel(R) Core(TM) i9-12900K,icc,scalapack,16400,1,1,2,64,78.46,112.44,1.8,89.99
12th Gen Intel(R) Core(TM) i9-12900K,icx,scalapack,16400,1,1,1,64,141.36,62.41,1.0,99.89
12th Gen Intel(R) Core(TM) i9-12900K,icx,scalapack,16400,1,1,2,64,79.19,111.4,1.78,89.15
